{
  "bodyTypeName": "male",
  "url": "https://liberatedpixelcup.github.io/Universal-LPC-Spritesheet-Character-Generator/#?body=Body_color_light&head=Human_male_light&sex=male&shadow=Shadow_shadow&legs=Long_Pants_blue&weapon=Longsword_longsword&clothes=Shortsleeve_leather",
  "spritesheets": "https://liberatedpixelcup.github.io/Universal-LPC-Spritesheet-Character-Generator/spritesheets/",
  "version": 1,
  "datetime": "2/22/2025, 12:13:51 AM",
  "credits": [
    {
      "fileName": "shadow/adult/shadow.png",
      "licenses": "CC0",
      "authors": "drjamgo@hotmail.com",
      "urls": "https://opengameart.org/content/shadow-for-lpc-sprite",
      "notes": ""
    },
    {
      "fileName": "body/bodies/male/light.png",
      "licenses": "OGA-BY 3.0,CC-BY-SA 3.0,GPL 3.0",
      "authors": "bluecarrot16,JaidynReiman,Benjamin K. Smith (BenCreating),Evert,Eliza Wyatt (ElizaWy),TheraHedwig,MuffinElZangano,Durrani,Johannes Sjölund (wulax),Stephen Challener (Redshrike)",
      "urls": "https://opengameart.org/content/liberated-pixel-cup-lpc-base-assets-sprites-map-tiles,https://opengameart.org/content/lpc-medieval-fantasy-character-sprites,https://opengameart.org/content/lpc-male-jumping-animation-by-durrani,https://opengameart.org/content/lpc-runcycle-and-diagonal-walkcycle,https://opengameart.org/content/lpc-revised-character-basics,https://opengameart.org/content/lpc-be-seated,https://opengameart.org/content/lpc-runcycle-for-male-muscular-and-pregnant-character-bases-with-modular-heads,https://opengameart.org/content/lpc-jump-expanded,https://opengameart.org/content/lpc-character-bases",
      "notes": "see details at https://opengameart.org/content/lpc-character-bases; 'Thick' Male Revised Run/Climb by JaidynReiman (based on ElizaWy's LPC Revised)"
    },
    {
      "fileName": "head/heads/human/male/light.png",
      "licenses": "OGA-BY 3.0,CC-BY-SA 3.0,GPL 3.0",
      "authors": "bluecarrot16,Benjamin K. Smith (BenCreating),Stephen Challener (Redshrike)",
      "urls": "https://opengameart.org/content/liberated-pixel-cup-lpc-base-assets-sprites-map-tiles,https://opengameart.org/content/lpc-character-bases",
      "notes": "original head by Redshrike, tweaks by BenCreating, modular version by bluecarrot16"
    },
    {
      "fileName": "torso/clothes/shortsleeve/shortsleeve/male/leather.png",
      "licenses": "OGA-BY 3.0,CC-BY-SA 3.0,GPL 3.0",
      "authors": "bluecarrot16,ElizaWy,Stephen Challener (Redshrike)",
      "urls": "https://opengameart.org/content/liberated-pixel-cup-lpc-base-assets-sprites-map-tiles,http://opengameart.org/content/lpc-revised-character-basics,http://opengameart.org/content/lpc-clothing-updates",
      "notes": "original by ElizaWy walkcycle only; extended to all animations by adapting from longsleeve, edited to v3 bases by bluecarrot16"
    },
    {
      "fileName": "legs/pants2/male/blue.png",
      "licenses": "OGA-BY 3.0,GPL 3.0",
      "authors": "JaidynReiman,ElizaWy,Bluecarrot16,Johannes Sjölund (wulax),Stephen Challener (Redshrike)",
      "urls": "https://github.com/ElizaWy/LPC/tree/main/Characters/Clothing,https://opengameart.org/content/expanded-universal-lpc-spritesheet-idle-run-jump-lpc-revised-combat-and-assets,https://opengameart.org/content/lpc-expanded-pants",
      "notes": "original overalls by ElizaWy, base animations adapted from v3 overalls by bluecarrot16, pants by JaidynReiman"
    },
    {
      "fileName": "weapon/sword/longsword/longsword.png",
      "licenses": "OGA-BY 3.0,CC-BY-SA 3.0",
      "authors": "Johannes Sjölund (wulax),bluecarrot16",
      "urls": "https://opengameart.org/content/lpc-medieval-fantasy-character-sprites,https://opengameart.org/content/lpc-extended-weapon-animations",
      "notes": ""
    },
    {
      "fileName": "weapon/sword/longsword/universal_behind/longsword.png",
      "licenses": "OGA-BY 3.0,CC-BY-SA 3.0",
      "authors": "Johannes Sjölund (wulax),bluecarrot16",
      "urls": "https://opengameart.org/content/lpc-medieval-fantasy-character-sprites,https://opengameart.org/content/lpc-extended-weapon-animations",
      "notes": ""
    },
    {
      "fileName": "weapon/sword/longsword/attack_slash/behind/longsword.png",
      "licenses": "OGA-BY 3.0,CC-BY-SA 3.0",
      "authors": "Johannes Sjölund (wulax),bluecarrot16",
      "urls": "https://opengameart.org/content/lpc-medieval-fantasy-character-sprites,https://opengameart.org/content/lpc-extended-weapon-animations",
      "notes": ""
    },
    {
      "fileName": "weapon/sword/longsword/attack_slash/longsword.png",
      "licenses": "OGA-BY 3.0,CC-BY-SA 3.0",
      "authors": "Johannes Sjölund (wulax),bluecarrot16",
      "urls": "https://opengameart.org/content/lpc-medieval-fantasy-character-sprites,https://opengameart.org/content/lpc-extended-weapon-animations",
      "notes": ""
    },
    {
      "fileName": "weapon/sword/longsword/attack_slash_reverse/behind/longsword.png",
      "licenses": "OGA-BY 3.0,CC-BY-SA 3.0",
      "authors": "Johannes Sjölund (wulax),bluecarrot16",
      "urls": "https://opengameart.org/content/lpc-medieval-fantasy-character-sprites,https://opengameart.org/content/lpc-extended-weapon-animations",
      "notes": ""
    },
    {
      "fileName": "weapon/sword/longsword/attack_slash_reverse/longsword.png",
      "licenses": "OGA-BY 3.0,CC-BY-SA 3.0",
      "authors": "Johannes Sjölund (wulax),bluecarrot16",
      "urls": "https://opengameart.org/content/lpc-medieval-fantasy-character-sprites,https://opengameart.org/content/lpc-extended-weapon-animations",
      "notes": ""
    },
    {
      "fileName": "weapon/sword/longsword/attack_thrust/behind/longsword.png",
      "licenses": "OGA-BY 3.0,CC-BY-SA 3.0",
      "authors": "Johannes Sjölund (wulax),bluecarrot16",
      "urls": "https://opengameart.org/content/lpc-medieval-fantasy-character-sprites,https://opengameart.org/content/lpc-extended-weapon-animations",
      "notes": ""
    },
    {
      "fileName": "weapon/sword/longsword/attack_thrust/longsword.png",
      "licenses": "OGA-BY 3.0,CC-BY-SA 3.0",
      "authors": "Johannes Sjölund (wulax),bluecarrot16",
      "urls": "https://opengameart.org/content/lpc-medieval-fantasy-character-sprites,https://opengameart.org/content/lpc-extended-weapon-animations",
      "notes": ""
    }
  ],
  "layers": [
    {
      "fileName": "weapon/sword/longsword/attack_slash/behind/longsword.png",
      "zPos": -1,
      "custom_animation": "slash_oversize",
      "parentName": "weapon",
      "name": "Longsword",
      "variant": "longsword",
      "supportedAnimations": "spellcast,thrust,walk,slash,shoot,hurt,watering"
    },
    {
      "fileName": "weapon/sword/longsword/attack_slash_reverse/behind/longsword.png",
      "zPos": -1,
      "custom_animation": "slash_reverse_oversize",
      "parentName": "weapon",
      "name": "Longsword",
      "variant": "longsword",
      "supportedAnimations": "spellcast,thrust,walk,slash,shoot,hurt,watering"
    },
    {
      "fileName": "weapon/sword/longsword/attack_thrust/behind/longsword.png",
      "zPos": -1,
      "custom_animation": "thrust_oversize",
      "parentName": "weapon",
      "name": "Longsword",
      "variant": "longsword",
      "supportedAnimations": "spellcast,thrust,walk,slash,shoot,hurt,watering"
    },
    {
      "fileName": "shadow/adult/shadow.png",
      "zPos": 0,
      "parentName": "shadow",
      "name": "Shadow",
      "variant": "shadow",
      "supportedAnimations": "spellcast,thrust,walk,slash,shoot,hurt,watering"
    },
    {
      "fileName": "weapon/sword/longsword/universal_behind/longsword.png",
      "zPos": 9,
      "parentName": "weapon",
      "name": "Longsword",
      "variant": "longsword",
      "supportedAnimations": "spellcast,thrust,walk,slash,shoot,hurt,watering"
    },
    {
      "fileName": "body/bodies/male/light.png",
      "zPos": 10,
      "parentName": "body",
      "name": "Body_color",
      "variant": "light",
      "supportedAnimations": "spellcast,thrust,walk,slash,shoot,hurt,watering,idle,jump,run,sit,emote,climb,combat,1h_slash,1h_backslash,1h_halfslash"
    },
    {
      "fileName": "legs/pants2/male/blue.png",
      "zPos": 20,
      "parentName": "legs",
      "name": "Long_Pants",
      "variant": "blue",
      "supportedAnimations": "spellcast,thrust,walk,slash,shoot,hurt,watering,idle,jump,run,sit,emote,climb,combat,1h_slash,1h_backslash,1h_halfslash"
    },
    {
      "fileName": "torso/clothes/shortsleeve/shortsleeve/male/leather.png",
      "zPos": 35,
      "parentName": "clothes",
      "name": "Shortsleeve",
      "variant": "leather",
      "supportedAnimations": "spellcast,thrust,walk,slash,shoot,hurt,watering"
    },
    {
      "fileName": "head/heads/human/male/light.png",
      "zPos": 100,
      "parentName": "head",
      "name": "Human_male",
      "variant": "light",
      "supportedAnimations": "spellcast,thrust,walk,slash,shoot,hurt,watering,idle,jump,run,sit,emote,climb,combat,1h_slash,1h_backslash,1h_halfslash"
    },
    {
      "fileName": "weapon/sword/longsword/longsword.png",
      "zPos": 140,
      "parentName": "weapon",
      "name": "Longsword",
      "variant": "longsword",
      "supportedAnimations": "spellcast,thrust,walk,slash,shoot,hurt,watering"
    },
    {
      "fileName": "weapon/sword/longsword/attack_slash/longsword.png",
      "zPos": 150,
      "custom_animation": "slash_oversize",
      "parentName": "weapon",
      "name": "Longsword",
      "variant": "longsword",
      "supportedAnimations": "spellcast,thrust,walk,slash,shoot,hurt,watering"
    },
    {
      "fileName": "weapon/sword/longsword/attack_slash_reverse/longsword.png",
      "zPos": 150,
      "custom_animation": "slash_reverse_oversize",
      "parentName": "weapon",
      "name": "Longsword",
      "variant": "longsword",
      "supportedAnimations": "spellcast,thrust,walk,slash,shoot,hurt,watering"
    },
    {
      "fileName": "weapon/sword/longsword/attack_thrust/longsword.png",
      "zPos": 150,
      "custom_animation": "thrust_oversize",
      "parentName": "weapon",
      "name": "Longsword",
      "variant": "longsword",
      "supportedAnimations": "spellcast,thrust,walk,slash,shoot,hurt,watering"
    }
  ]
}